created,target,draw_date,engine,strategy,set,n1,n2,n3,n4,n5,n6,split_mult
2026-07-16 20:30,1233,2026-07-18,v1,공식,A,5,15,17,32,36,40,
2026-07-16 20:30,1233,2026-07-18,v1,공식,B,7,20,33,41,43,44,
2026-07-16 20:30,1233,2026-07-18,v1,공식,C,7,8,11,35,40,43,
2026-07-16 20:30,1233,2026-07-18,v1,공식,D,4,5,31,34,36,41,
2026-07-16 20:30,1233,2026-07-18,v1,공식,E,11,18,20,39,40,45,
2026-07-23 20:30,1234,2026-07-25,v1,공식,A,17,20,31,32,35,44,
2026-07-23 20:30,1234,2026-07-25,v1,공식,B,3,11,37,38,42,45,
2026-07-23 20:30,1234,2026-07-25,v1,공식,C,21,22,32,34,36,41,
2026-07-23 20:30,1234,2026-07-25,v1,공식,D,2,14,22,32,35,39,
2026-07-23 20:30,1234,2026-07-25,v1,공식,E,8,10,17,33,34,40,
2026-07-30 20:30,1235,2026-08-01,v1,공식,A,2,9,13,32,36,44,
2026-07-30 20:30,1235,2026-08-01,v1,공식,B,7,12,34,37,38,41,
2026-07-30 20:30,1235,2026-08-01,v1,공식,C,3,8,26,38,43,44,
2026-07-30 20:30,1235,2026-08-01,v1,공식,D,3,13,17,34,35,40,
2026-07-30 20:30,1235,2026-08-01,v1,공식,E,8,11,18,36,37,45,
2026-08-06 20:30,1236,2026-08-08,v1,공식,A,12,19,25,34,36,40,
2026-08-06 20:30,1236,2026-08-08,v1,공식,B,5,10,21,37,38,40,
2026-08-06 20:30,1236,2026-08-08,v1,공식,C,3,4,10,32,39,42,
2026-08-06 20:30,1236,2026-08-08,v1,공식,D,7,8,13,32,34,37,
2026-08-06 20:30,1236,2026-08-08,v1,공식,E,6,10,14,34,41,43,
2026-08-13 20:30,1237,2026-08-15,v1,공식,A,5,7,18,36,44,45,
2026-08-13 20:30,1237,2026-08-15,v1,공식,B,13,15,33,36,40,43,
2026-08-13 20:30,1237,2026-08-15,v1,공식,C,7,17,32,35,36,42,
2026-08-13 20:30,1237,2026-08-15,v1,공식,D,2,4,7,34,35,43,
2026-08-13 20:30,1237,2026-08-15,v1,공식,E,3,8,14,35,39,40,
2026-08-20 20:30,1238,2026-08-22,v1,공식,A,4,10,33,36,44,45,
2026-08-20 20:30,1238,2026-08-22,v1,공식,B,1,15,26,36,38,39,
2026-08-20 20:30,1238,2026-08-22,v1,공식,C,2,3,18,33,38,41,
2026-08-20 20:30,1238,2026-08-22,v1,공식,D,7,22,24,36,37,39,
2026-08-20 20:30,1238,2026-08-22,v1,공식,E,6,8,17,32,40,45,
2026-08-27 20:31,1239,2026-08-29,v1,공식,A,20,22,30,34,35,39,
2026-08-27 20:31,1239,2026-08-29,v1,공식,B,6,22,32,41,43,44,
2026-08-27 20:31,1239,2026-08-29,v1,공식,C,14,16,28,37,38,45,
2026-08-27 20:31,1239,2026-08-29,v1,공식,D,1,19,36,38,40,44,
2026-08-27 20:31,1239,2026-08-29,v1,공식,E,2,4,23,40,41,44,
2026-09-03 20:30,1240,2026-09-05,v1,공식,A,1,22,31,33,34,37,
2026-09-03 20:30,1240,2026-09-05,v1,공식,B,2,10,30,37,39,40,
2026-09-03 20:30,1240,2026-09-05,v1,공식,C,7,19,20,33,36,40,
2026-09-03 20:30,1240,2026-09-05,v1,공식,D,1,9,14,37,38,44,
2026-09-03 20:30,1240,2026-09-05,v1,공식,E,7,10,20,32,44,45,
2026-09-10 20:30,1241,2026-09-12,v1,공식,A,6,13,16,36,37,40,
2026-09-10 20:30,1241,2026-09-12,v1,공식,B,13,14,19,33,38,44,
2026-09-10 20:30,1241,2026-09-12,v1,공식,C,5,6,17,38,42,44,
2026-09-10 20:30,1241,2026-09-12,v1,공식,D,5,8,18,34,36,41,
2026-09-10 20:30,1241,2026-09-12,v1,공식,E,4,20,32,34,35,39,
2026-09-17 20:30,1242,2026-09-19,v1,공식,A,8,21,30,38,40,41,
2026-09-17 20:30,1242,2026-09-19,v1,공식,B,9,14,20,37,39,40,
2026-09-17 20:30,1242,2026-09-19,v1,공식,C,9,11,18,36,38,39,
2026-09-17 20:30,1242,2026-09-19,v1,공식,D,5,12,33,34,39,44,
2026-09-17 20:30,1242,2026-09-19,v1,공식,E,9,17,31,32,36,42,
2026-09-24 20:31,1243,2026-09-26,v1,공식,A,2,19,20,34,37,39,
2026-09-24 20:31,1243,2026-09-26,v1,공식,B,5,10,17,40,42,43,
2026-09-24 20:31,1243,2026-09-26,v1,공식,C,3,14,18,34,35,38,
2026-09-24 20:31,1243,2026-09-26,v1,공식,D,8,10,21,33,38,39,
2026-09-24 20:31,1243,2026-09-26,v1,공식,E,1,11,14,33,41,42,
2026-09-30 22:11,1244,2026-10-03,v2,공식,A,3,4,14,16,41,44,0.9973
2026-09-30 22:11,1244,2026-10-03,v2,공식,B,1,6,13,15,22,31,0.9774
2026-09-30 22:11,1244,2026-10-03,v2,공식,C,11,20,26,29,38,40,0.9802
2026-09-30 22:11,1244,2026-10-03,v2,공식,D,2,8,10,27,30,36,0.9988
2026-09-30 22:11,1244,2026-10-03,v2,공식,E,18,24,25,32,34,42,0.9893
2026-09-30 22:11,1244,2026-10-03,v2,대조군,A,4,18,19,26,33,42,1.0382
2026-09-30 22:11,1244,2026-10-03,v2,대조군,B,1,7,15,18,41,44,1.0052
2026-09-30 22:11,1244,2026-10-03,v2,대조군,C,2,18,22,23,37,45,0.9465
2026-09-30 22:11,1244,2026-10-03,v2,대조군,D,1,6,29,30,34,38,0.9467
2026-09-30 22:11,1244,2026-10-03,v2,대조군,E,1,10,18,23,30,45,0.9785
2026-10-03 23:30,1245,2026-10-10,v2,공식,A,1,6,17,20,36,45,0.9801
2026-10-03 23:30,1245,2026-10-10,v2,공식,B,3,5,23,35,37,43,0.9815
2026-10-03 23:30,1245,2026-10-10,v2,공식,C,9,16,24,27,29,44,0.984
2026-10-03 23:30,1245,2026-10-10,v2,공식,D,8,10,14,15,32,41,0.9652
2026-10-03 23:30,1245,2026-10-10,v2,공식,E,13,22,28,33,34,39,0.9742
2026-10-03 23:30,1245,2026-10-10,v2,대조군,A,16,18,19,35,37,42,0.9698
2026-10-03 23:30,1245,2026-10-10,v2,대조군,B,15,25,28,33,43,44,0.933
2026-10-03 23:30,1245,2026-10-10,v2,대조군,C,6,21,22,34,35,41,0.9316
2026-10-03 23:30,1245,2026-10-10,v2,대조군,D,8,9,17,19,39,45,1.0449
2026-10-03 23:30,1245,2026-10-10,v2,대조군,E,18,27,32,37,42,45,0.9488
2026-10-10 21:30,1246,2026-10-17,v2,공식,A,4,15,24,32,33,36,0.9723
2026-10-10 21:30,1246,2026-10-17,v2,공식,B,6,14,16,18,23,43,0.9773
2026-10-10 21:30,1246,2026-10-17,v2,공식,C,5,10,28,34,35,39,0.9936
2026-10-10 21:30,1246,2026-10-17,v2,공식,D,1,2,19,25,41,44,0.9936
2026-10-10 21:30,1246,2026-10-17,v2,공식,E,9,12,20,29,37,45,0.9883
2026-10-10 21:30,1246,2026-10-17,v2,대조군,A,2,16,26,31,43,44,0.9389
2026-10-10 21:30,1246,2026-10-17,v2,대조군,B,8,9,14,17,20,33,1.0751
2026-10-10 21:30,1246,2026-10-17,v2,대조군,C,1,7,8,25,31,43,1.0437
2026-10-10 21:30,1246,2026-10-17,v2,대조군,D,2,7,10,17,27,42,1.1134
2026-10-10 21:30,1246,2026-10-17,v2,대조군,E,6,10,19,20,39,45,1.0105
