epsd,date,jo,num,bonus
1,20200507,4,162132,278239
2,20200514,2,450558,154457
3,20200521,4,544955,059369
4,20200528,4,124420,221097
5,20200604,4,754655,190779
6,20200611,5,193202,206460
7,20200618,2,597093,482595
8,20200625,4,234058,548682
9,20200702,3,133510,213240
10,20200709,2,770173,064263
11,20200716,1,867654,485530
12,20200723,5,076676,611004
13,20200730,1,669245,880089
14,20200806,3,432496,451009
15,20200813,4,477238,146282
16,20200820,4,664056,657985
17,20200827,3,317227,031708
18,20200903,1,562222,881980
19,20200910,5,859219,411936
20,20200917,1,819605,555687
21,20200924,1,239937,552317
22,20201001,1,913622,362104
23,20201008,4,158071,726990
24,20201015,2,002989,967939
25,20201022,3,463637,386750
26,20201029,3,192856,561714
27,20201105,5,412008,967142
28,20201112,5,080839,378856
29,20201119,4,355192,126078
30,20201126,3,487215,157190
31,20201203,1,771598,997863
32,20201210,1,579176,349043
33,20201217,4,596219,641687
34,20201224,4,977686,832226
35,20201231,1,542454,116423
36,20210107,4,735757,252663
37,20210114,3,453877,466566
38,20210121,3,307836,162480
39,20210128,1,199137,320718
40,20210204,2,631086,585802
41,20210211,1,742714,698335
42,20210218,4,974231,892243
43,20210225,4,589839,890546
44,20210304,3,668818,799181
45,20210311,2,318754,494221
46,20210318,4,010963,710817
47,20210325,4,941327,524495
48,20210401,1,779363,788642
49,20210408,4,305248,191235
50,20210415,3,592111,176570
51,20210422,2,510012,088185
52,20210429,2,597227,297625
53,20210506,5,649638,580357
54,20210513,5,627054,932535
55,20210520,1,477879,495719
56,20210527,1,993174,677799
57,20210603,2,272286,230295
58,20210610,5,939327,551924
59,20210617,2,159056,973521
60,20210624,5,216510,029163
61,20210701,3,575862,602610
62,20210708,4,014073,572879
63,20210715,4,335226,791181
64,20210722,5,676003,855524
65,20210729,4,732375,020321
66,20210805,4,990834,364914
67,20210812,3,807531,137560
68,20210819,5,191075,218776
69,20210826,4,775530,033385
70,20210902,1,248672,946377
71,20210909,1,159486,881938
72,20210916,2,114687,047913
73,20210923,1,501026,222247
74,20210930,2,256789,832659
75,20211007,3,658340,766103
76,20211014,1,890966,949325
77,20211021,5,436305,294693
78,20211028,2,515884,917998
79,20211104,5,408379,067084
80,20211111,1,641358,983274
81,20211118,1,971511,600139
82,20211125,4,935053,768102
83,20211202,3,136128,806794
84,20211209,4,580148,775986
85,20211216,5,338407,167750
86,20211223,5,950320,094504
87,20211230,4,740942,511955
88,20220106,2,329695,565110
89,20220113,4,585449,106050
90,20220120,5,235858,408032
91,20220127,3,586054,554710
92,20220203,4,487381,878068
93,20220210,4,180249,831894
94,20220217,1,807121,481216
95,20220224,5,841331,997309
96,20220303,2,330481,101248
97,20220310,1,783688,397712
98,20220317,4,707437,981617
99,20220324,3,202997,660276
100,20220331,4,419399,484136
101,20220407,4,068561,656267
102,20220414,3,030569,844643
103,20220421,4,786276,763443
104,20220428,2,689922,739545
105,20220505,1,180506,051630
106,20220512,5,307695,979966
107,20220519,3,192750,896659
108,20220526,3,605195,714758
109,20220602,3,164115,673876
110,20220609,5,542980,364714
111,20220616,1,393588,543825
112,20220623,3,802007,279142
113,20220630,3,248855,458693
114,20220707,2,699286,002905
115,20220714,2,749063,738687
116,20220721,2,641770,215051
117,20220728,4,269117,349900
118,20220804,1,929977,378112
119,20220811,4,088257,484266
120,20220818,2,218556,265427
121,20220825,5,444520,939504
122,20220901,1,016841,097530
123,20220908,3,938423,894953
124,20220915,5,311244,434462
125,20220922,5,845390,010812
126,20220929,5,559830,610846
127,20221006,3,905658,600726
128,20221013,3,923864,676353
129,20221020,1,619003,160845
130,20221027,3,737747,982003
131,20221103,5,852265,054600
132,20221110,1,338822,980312
133,20221117,1,107523,464693
134,20221124,1,047022,904394
135,20221201,2,400876,480190
136,20221208,5,587411,430827
137,20221215,1,873784,609795
138,20221222,1,393066,269254
139,20221229,1,201688,056960
140,20230105,4,469185,832940
141,20230112,4,895352,686221
142,20230119,2,852960,767662
143,20230126,5,459979,933888
144,20230202,5,849681,007544
145,20230209,2,221111,103714
146,20230216,1,643570,357651
147,20230223,4,838380,708673
148,20230302,1,826930,312717
149,20230309,5,378296,042521
150,20230316,3,365343,512134
151,20230323,4,256502,884688
152,20230330,3,905531,787836
153,20230406,1,977038,455399
154,20230413,3,826393,710212
155,20230420,4,739586,512376
156,20230427,1,071712,771390
157,20230504,5,243430,816580
158,20230511,2,357856,177555
159,20230518,3,846581,957574
160,20230525,5,440286,856561
161,20230601,3,055838,049140
162,20230608,2,802493,216363
163,20230615,1,711067,102865
164,20230622,1,972349,991515
165,20230629,1,718273,910041
166,20230706,4,342103,382956
167,20230713,3,475016,297615
168,20230720,2,970731,541237
169,20230727,3,924748,588050
170,20230803,2,965178,037262
171,20230810,2,844578,735284
172,20230817,1,092138,668183
173,20230824,3,803757,689970
174,20230831,2,876021,303134
175,20230907,5,765740,885824
176,20230914,3,858952,376170
177,20230921,3,105948,269313
178,20230928,3,004687,212701
179,20231005,2,947176,429189
180,20231012,3,836838,349504
181,20231019,3,550104,115474
182,20231026,1,993750,772427
183,20231102,4,321423,306633
184,20231109,3,646362,443317
185,20231116,4,577418,628266
186,20231123,5,616814,212250
187,20231130,5,200473,809797
188,20231207,5,502522,957460
189,20231214,4,466557,212372
190,20231221,2,850365,730462
191,20231228,4,296430,883654
192,20240104,2,034210,718715
193,20240111,2,491905,454185
194,20240118,5,461102,840423
195,20240125,4,531307,118693
196,20240201,4,113393,349078
197,20240208,4,966616,200861
198,20240215,2,437803,620125
199,20240222,4,103633,175709
200,20240229,5,146362,260054
201,20240307,1,472675,551745
202,20240314,2,419093,193778
203,20240321,3,453064,178824
204,20240328,5,756397,738072
205,20240404,1,472377,935471
206,20240411,3,489075,587695
207,20240418,3,211988,396540
208,20240425,1,879829,039636
209,20240502,4,998750,135188
210,20240509,3,040662,941419
211,20240516,1,960554,327793
212,20240523,2,111915,481240
213,20240530,1,156049,164947
214,20240606,1,718766,087547
215,20240613,1,849572,354129
216,20240620,5,326117,248841
217,20240627,5,817509,060717
218,20240704,5,263338,885924
219,20240711,5,425483,400155
220,20240718,4,444739,171481
221,20240725,5,131347,064200
222,20240801,5,058627,651311
223,20240808,5,279895,394453
224,20240815,4,938763,760145
225,20240822,3,245914,256347
226,20240829,1,502275,940119
227,20240905,5,068516,989890
228,20240912,4,127317,906415
229,20240919,1,441510,231818
230,20240926,2,817209,127701
231,20241003,3,660621,476220
232,20241010,1,868476,117342
233,20241017,4,378868,336899
234,20241024,4,658373,240662
235,20241031,4,817148,349458
236,20241107,4,444431,874258
237,20241114,5,793969,045886
238,20241121,5,988942,291070
239,20241128,4,277326,160764
240,20241205,4,446648,761555
241,20241212,2,106716,987868
242,20241219,1,323164,436966
243,20241226,2,084982,824649
244,20250102,5,033337,223594
245,20250109,1,179273,070373
246,20250116,3,176069,562760
247,20250123,2,490590,523374
248,20250130,2,024992,888928
249,20250206,1,090785,295846
250,20250213,3,437950,492591
251,20250220,4,346196,305190
252,20250227,4,002228,615847
253,20250306,4,484010,921069
254,20250313,5,045083,829316
255,20250320,4,941271,891569
256,20250327,5,584766,812700
257,20250403,3,566239,188189
258,20250410,1,265256,581267
259,20250417,3,707288,215109
260,20250424,1,235108,595288
261,20250501,1,844061,915574
262,20250508,3,564583,074356
263,20250515,5,162265,213377
264,20250522,2,063053,250143
265,20250529,5,802320,036379
266,20250605,4,015192,549417
267,20250612,2,832963,014645
268,20250619,2,736358,444319
269,20250626,3,443545,555090
270,20250703,4,593142,721750
271,20250710,3,887155,438414
272,20250717,2,178408,177636
273,20250724,1,415223,850098
274,20250731,5,574627,344734
275,20250807,1,038875,849872
276,20250814,5,168238,991513
277,20250821,4,515680,552578
278,20250828,2,634676,071023
279,20250904,1,728822,340088
280,20250911,1,904181,411204
281,20250918,2,932867,461553
282,20250925,3,034844,495125
283,20251002,3,653503,876831
284,20251009,2,289027,934678
285,20251016,1,539742,872174
286,20251023,2,824756,783962
287,20251030,5,614749,435160
288,20251106,5,112703,598143
289,20251113,3,585935,853647
290,20251120,5,200115,694748
291,20251127,4,149309,036179
292,20251204,4,971630,140693
293,20251211,3,650321,510238
294,20251218,1,746186,171023
295,20251225,3,751272,290334
296,20260101,1,667975,988431
297,20260108,5,444163,248825
298,20260115,3,960211,492845
299,20260122,2,282945,902252
300,20260129,1,455490,428554
301,20260205,4,748559,812029
302,20260212,4,639927,055495
303,20260219,4,639566,619136
304,20260226,5,234931,438985
305,20260305,2,331316,509988
306,20260312,4,545380,394402
307,20260319,1,987645,859127
308,20260326,5,920388,752744
309,20260402,4,867549,653843
310,20260409,3,056204,331119
311,20260416,4,382268,117079
312,20260423,2,861949,974036
313,20260430,5,726493,882033
314,20260507,2,060727,293160
315,20260514,2,537530,358127
316,20260521,3,331818,449298
317,20260528,3,827917,719917
318,20260604,5,401384,981462
319,20260611,3,201327,632035
320,20260618,5,766487,897760
321,20260625,5,686709,326599
322,20260702,2,119392,696967
323,20260709,4,604270,945893
324,20260716,2,485216,061918
325,20260723,3,011391,438906
326,20260730,2,502733,399616
