created,target,draw_date,engine,rank,jo,num
2026-07-18 21:30,325,2026-07-23,v1,1,2,321411
2026-07-18 21:30,325,2026-07-23,v1,2,1,793491
2026-07-18 21:30,325,2026-07-23,v1,3,3,324792
2026-07-18 21:30,325,2026-07-23,v1,4,5,293741
2026-07-18 21:30,325,2026-07-23,v1,5,4,627444
2026-07-18 21:30,325,2026-07-23,v1,6,4,294444
2026-07-25 21:30,326,2026-07-30,v1,1,2,625404
2026-07-25 21:30,326,2026-07-30,v1,2,3,724441
2026-07-25 21:30,326,2026-07-30,v1,3,5,324609
2026-07-25 21:30,326,2026-07-30,v1,4,1,224400
2026-07-25 21:30,326,2026-07-30,v1,5,4,995464
2026-07-25 21:30,326,2026-07-30,v1,6,2,155914
2026-08-01 21:30,327,2026-08-06,v1,1,3,323704
2026-08-01 21:30,327,2026-08-06,v1,2,1,224404
2026-08-01 21:30,327,2026-08-06,v1,3,5,628444
2026-08-01 21:30,327,2026-08-06,v1,4,2,350494
2026-08-01 21:30,327,2026-08-06,v1,5,4,763404
2026-08-01 21:30,327,2026-08-06,v1,6,1,028804
2026-08-01 21:30,327,2026-08-06,v1,7,2,723144
2026-08-01 21:30,327,2026-08-06,v1,8,5,083604
2026-08-01 21:30,327,2026-08-06,v1,9,4,327409
2026-08-01 21:30,327,2026-08-06,v1,10,3,194494
2026-08-01 21:30,327,2026-08-06,v1,11,4,388464
2026-08-01 21:30,327,2026-08-06,v1,12,1,721424
2026-08-01 21:30,327,2026-08-06,v1,13,5,226491
2026-08-01 21:30,327,2026-08-06,v1,14,3,621594
2026-08-01 21:30,327,2026-08-06,v1,15,2,623634
2026-08-01 21:30,327,2026-08-06,v1,16,1,681401
2026-08-01 21:30,327,2026-08-06,v1,17,2,023964
2026-08-01 21:30,327,2026-08-06,v1,18,4,529494
2026-08-01 21:30,327,2026-08-06,v1,19,5,783449
2026-08-01 21:30,327,2026-08-06,v1,20,3,281499
2026-08-08 21:30,328,2026-08-13,v1,1,1,623464
2026-08-08 21:30,328,2026-08-13,v1,2,3,090404
2026-08-08 21:30,328,2026-08-13,v1,3,2,523704
2026-08-08 21:30,328,2026-08-13,v1,4,4,923894
2026-08-08 21:30,328,2026-08-13,v1,5,5,392794
2026-08-08 21:30,328,2026-08-13,v1,6,3,628492
2026-08-08 21:30,328,2026-08-13,v1,7,4,395409
2026-08-08 21:30,328,2026-08-13,v1,8,5,720701
2026-08-08 21:30,328,2026-08-13,v1,9,2,328469
2026-08-08 21:30,328,2026-08-13,v1,10,1,123644
2026-08-08 21:30,328,2026-08-13,v1,11,3,383504
2026-08-08 21:30,328,2026-08-13,v1,12,4,393814
2026-08-08 21:30,328,2026-08-13,v1,13,2,390601
2026-08-08 21:30,328,2026-08-13,v1,14,5,223101
2026-08-08 21:30,328,2026-08-13,v1,15,1,785444
2026-08-08 21:30,328,2026-08-13,v1,16,3,923400
2026-08-08 21:30,328,2026-08-13,v1,17,5,322614
2026-08-08 21:30,328,2026-08-13,v1,18,1,385194
2026-08-08 21:30,328,2026-08-13,v1,19,2,293493
2026-08-08 21:30,328,2026-08-13,v1,20,4,721809
2026-08-15 21:30,329,2026-08-20,v1,1,1,324444
2026-08-15 21:30,329,2026-08-20,v1,2,5,528494
2026-08-15 21:30,329,2026-08-20,v1,3,2,123894
2026-08-15 21:30,329,2026-08-20,v1,4,3,723469
2026-08-15 21:30,329,2026-08-20,v1,5,4,990494
2026-08-15 21:30,329,2026-08-20,v1,6,2,384491
2026-08-15 21:30,329,2026-08-20,v1,7,4,620495
2026-08-15 21:30,329,2026-08-20,v1,8,3,128704
2026-08-15 21:30,329,2026-08-20,v1,9,5,723044
2026-08-15 21:30,329,2026-08-20,v1,10,1,623909
2026-08-15 21:30,329,2026-08-20,v1,11,5,628461
2026-08-15 21:30,329,2026-08-20,v1,12,4,298894
2026-08-15 21:30,329,2026-08-20,v1,13,1,523791
2026-08-15 21:30,329,2026-08-20,v1,14,3,225414
2026-08-15 21:30,329,2026-08-20,v1,15,2,392402
2026-08-15 21:30,329,2026-08-20,v1,16,3,095604
2026-08-15 21:30,329,2026-08-20,v1,17,1,324101
2026-08-15 21:30,329,2026-08-20,v1,18,4,708404
2026-08-15 21:30,329,2026-08-20,v1,19,5,664404
2026-08-15 21:30,329,2026-08-20,v1,20,2,796794
2026-08-23 19:03,330,2026-08-27,v1,1,3,323491
2026-08-23 19:03,330,2026-08-27,v1,2,1,723464
2026-08-23 19:03,330,2026-08-27,v1,3,2,523704
2026-08-23 19:03,330,2026-08-27,v1,4,4,323044
2026-08-23 19:03,330,2026-08-27,v1,5,5,322804
2026-08-23 19:03,330,2026-08-27,v1,6,1,285494
2026-08-23 19:03,330,2026-08-27,v1,7,3,381444
2026-08-23 19:03,330,2026-08-27,v1,8,5,388704
2026-08-23 19:03,330,2026-08-27,v1,9,4,793492
2026-08-23 19:03,330,2026-08-27,v1,10,2,220495
2026-08-23 19:03,330,2026-08-27,v1,11,1,383699
2026-08-23 19:03,330,2026-08-27,v1,12,2,620402
2026-08-23 19:03,330,2026-08-27,v1,13,4,654404
2026-08-23 19:03,330,2026-08-27,v1,14,3,783644
2026-08-23 19:03,330,2026-08-27,v1,15,5,124794
2026-08-23 19:03,330,2026-08-27,v1,16,3,398791
2026-08-23 19:03,330,2026-08-27,v1,17,2,323900
2026-08-23 19:03,330,2026-08-27,v1,18,5,324624
2026-08-23 19:03,330,2026-08-27,v1,19,4,950494
2026-08-23 19:03,330,2026-08-27,v1,20,1,028701
2026-08-29 21:30,331,2026-09-03,v1,1,3,327494
2026-08-29 21:30,331,2026-09-03,v1,2,4,323441
2026-08-29 21:30,331,2026-09-03,v1,3,1,793794
2026-08-29 21:30,331,2026-09-03,v1,4,2,928404
2026-08-29 21:30,331,2026-09-03,v1,5,5,391444
2026-08-29 21:30,331,2026-09-03,v1,6,3,220894
2026-08-29 21:30,331,2026-09-03,v1,7,5,628794
2026-08-29 21:30,331,2026-09-03,v1,8,2,024491
2026-08-29 21:30,331,2026-09-03,v1,9,1,395604
2026-08-29 21:30,331,2026-09-03,v1,10,4,720744
2026-08-29 21:30,331,2026-09-03,v1,11,1,625401
2026-08-29 21:30,331,2026-09-03,v1,12,4,324601
2026-08-29 21:30,331,2026-09-03,v1,13,3,294694
2026-08-29 21:30,331,2026-09-03,v1,14,2,723462
2026-08-29 21:30,331,2026-09-03,v1,15,5,093474
2026-08-29 21:30,331,2026-09-03,v1,16,4,693405
2026-08-29 21:30,331,2026-09-03,v1,17,5,080704
2026-08-29 21:30,331,2026-09-03,v1,18,3,228664
2026-08-29 21:30,331,2026-09-03,v1,19,1,785491
2026-08-29 21:30,331,2026-09-03,v1,20,2,798461
2026-09-05 21:30,332,2026-09-10,v1,1,1,223404
2026-09-05 21:30,332,2026-09-10,v1,2,5,320499
2026-09-05 21:30,332,2026-09-10,v1,3,2,393454
2026-09-05 21:30,332,2026-09-10,v1,4,3,990404
2026-09-05 21:30,332,2026-09-10,v1,5,4,394604
2026-09-05 21:30,332,2026-09-10,v1,6,1,383744
2026-09-05 21:30,332,2026-09-10,v1,7,5,621894
2026-09-05 21:30,332,2026-09-10,v1,8,3,383601
2026-09-05 21:30,332,2026-09-10,v1,9,4,724994
2026-09-05 21:30,332,2026-09-10,v1,10,2,687494
2026-09-05 21:30,332,2026-09-10,v1,11,3,753804
2026-09-05 21:30,332,2026-09-10,v1,12,1,723741
2026-09-05 21:30,332,2026-09-10,v1,13,2,281464
2026-09-05 21:30,332,2026-09-10,v1,14,4,727401
2026-09-05 21:30,332,2026-09-10,v1,15,5,758444
2026-09-05 21:30,332,2026-09-10,v1,16,1,623634
2026-09-05 21:30,332,2026-09-10,v1,17,4,323149
2026-09-05 21:30,332,2026-09-10,v1,18,2,790791
2026-09-05 21:30,332,2026-09-10,v1,19,5,321724
2026-09-05 21:30,332,2026-09-10,v1,20,3,628484
2026-09-12 21:30,333,2026-09-17,v1,1,5,223404
2026-09-12 21:30,333,2026-09-17,v1,2,2,323809
2026-09-12 21:30,333,2026-09-17,v1,3,3,360494
2026-09-12 21:30,333,2026-09-17,v1,4,4,122494
2026-09-12 21:30,333,2026-09-17,v1,5,1,720434
2026-09-12 21:30,333,2026-09-17,v1,6,5,395794
2026-09-12 21:30,333,2026-09-17,v1,7,1,783441
2026-09-12 21:30,333,2026-09-17,v1,8,3,091464
2026-09-12 21:30,333,2026-09-17,v1,9,4,725904
2026-09-12 21:30,333,2026-09-17,v1,10,2,323195
2026-09-12 21:30,333,2026-09-17,v1,11,1,721402
2026-09-12 21:30,333,2026-09-17,v1,12,2,753424
2026-09-12 21:30,333,2026-09-17,v1,13,3,590444
2026-09-12 21:30,333,2026-09-17,v1,14,5,280194
2026-09-12 21:30,333,2026-09-17,v1,15,4,283801
2026-09-12 21:30,333,2026-09-17,v1,16,2,203694
2026-09-12 21:30,333,2026-09-17,v1,17,3,723884
2026-09-12 21:30,333,2026-09-17,v1,18,1,083864
2026-09-12 21:30,333,2026-09-17,v1,19,4,328294
2026-09-12 21:30,333,2026-09-17,v1,20,5,013499
2026-09-19 21:30,334,2026-09-24,v1,1,3,323799
2026-09-19 21:30,334,2026-09-24,v1,2,5,523694
2026-09-19 21:30,334,2026-09-24,v1,3,4,324664
2026-09-19 21:30,334,2026-09-24,v1,4,1,623601
2026-09-19 21:30,334,2026-09-24,v1,5,2,290804
2026-09-19 21:30,334,2026-09-24,v1,6,1,783791
2026-09-19 21:30,334,2026-09-24,v1,7,2,771494
2026-09-19 21:30,334,2026-09-24,v1,8,3,264494
2026-09-19 21:30,334,2026-09-24,v1,9,5,725104
2026-09-19 21:30,334,2026-09-24,v1,10,4,384094
2026-09-19 21:30,334,2026-09-24,v1,11,2,093434
2026-09-19 21:30,334,2026-09-24,v1,12,3,658404
2026-09-19 21:30,334,2026-09-24,v1,13,4,996404
2026-09-19 21:30,334,2026-09-24,v1,14,5,221699
2026-09-19 21:30,334,2026-09-24,v1,15,1,321901
2026-09-19 21:30,334,2026-09-24,v1,16,1,753492
2026-09-19 21:30,334,2026-09-24,v1,17,3,387409
2026-09-19 21:30,334,2026-09-24,v1,18,5,623754
2026-09-19 21:30,334,2026-09-24,v1,19,2,253441
2026-09-19 21:30,334,2026-09-24,v1,20,4,063894
2026-09-26 21:30,335,2026-10-01,v1,1,3,724404
2026-09-26 21:30,335,2026-10-01,v1,2,5,383704
2026-09-26 21:30,335,2026-10-01,v1,3,2,291494
2026-09-26 21:30,335,2026-10-01,v1,4,1,728694
2026-09-26 21:30,335,2026-10-01,v1,5,4,350401
2026-09-26 21:30,335,2026-10-01,v1,6,2,390891
2026-09-26 21:30,335,2026-10-01,v1,7,3,312494
2026-09-26 21:30,335,2026-10-01,v1,8,4,921491
2026-09-26 21:30,335,2026-10-01,v1,9,1,392804
2026-09-26 21:30,335,2026-10-01,v1,10,5,123492
2026-09-26 21:30,335,2026-10-01,v1,11,1,320199
2026-09-26 21:30,335,2026-10-01,v1,12,3,681464
2026-09-26 21:30,335,2026-10-01,v1,13,5,324411
2026-09-26 21:30,335,2026-10-01,v1,14,4,523405
2026-09-26 21:30,335,2026-10-01,v1,15,2,093791
2026-09-26 21:30,335,2026-10-01,v1,16,4,690414
2026-09-26 21:30,335,2026-10-01,v1,17,5,384664
2026-09-26 21:30,335,2026-10-01,v1,18,1,394484
2026-09-26 21:30,335,2026-10-01,v1,19,3,925794
2026-09-26 21:30,335,2026-10-01,v1,20,2,278404
2026-09-30 22:11,335,2026-10-01,v2,1,3,897576
2026-09-30 22:11,335,2026-10-01,v2,2,4,450122
2026-09-30 22:11,335,2026-10-01,v2,3,1,449929
2026-09-30 22:11,335,2026-10-01,v2,4,2,996740
2026-09-30 22:11,335,2026-10-01,v2,5,5,985098
2026-09-30 22:11,335,2026-10-01,v2,6,4,106184
2026-09-30 22:11,335,2026-10-01,v2,7,3,515941
2026-09-30 22:11,335,2026-10-01,v2,8,1,859655
2026-09-30 22:11,335,2026-10-01,v2,9,5,946373
2026-09-30 22:11,335,2026-10-01,v2,10,2,741997
2026-09-30 22:11,335,2026-10-01,v2,11,4,774164
2026-09-30 22:11,335,2026-10-01,v2,12,1,659570
2026-09-30 22:11,335,2026-10-01,v2,13,3,428835
2026-09-30 22:11,335,2026-10-01,v2,14,5,496579
2026-09-30 22:11,335,2026-10-01,v2,15,2,830563
2026-09-30 22:11,335,2026-10-01,v2,16,5,056956
2026-09-30 22:11,335,2026-10-01,v2,17,4,658148
2026-09-30 22:11,335,2026-10-01,v2,18,2,152347
2026-09-30 22:11,335,2026-10-01,v2,19,1,373891
2026-09-30 22:11,335,2026-10-01,v2,20,3,747562
2026-10-01 20:30,336,2026-10-08,v2,1,4,737051
2026-10-01 20:30,336,2026-10-08,v2,2,5,656239
2026-10-01 20:30,336,2026-10-08,v2,3,2,979352
2026-10-01 20:30,336,2026-10-08,v2,4,3,012943
2026-10-01 20:30,336,2026-10-08,v2,5,1,670888
2026-10-01 20:30,336,2026-10-08,v2,6,2,383716
2026-10-01 20:30,336,2026-10-08,v2,7,3,784335
2026-10-01 20:30,336,2026-10-08,v2,8,1,232267
2026-10-01 20:30,336,2026-10-08,v2,9,5,990264
2026-10-01 20:30,336,2026-10-08,v2,10,4,745960
2026-10-01 20:30,336,2026-10-08,v2,11,4,272027
2026-10-01 20:30,336,2026-10-08,v2,12,1,496675
2026-10-01 20:30,336,2026-10-08,v2,13,2,750249
2026-10-01 20:30,336,2026-10-08,v2,14,3,041774
2026-10-01 20:30,336,2026-10-08,v2,15,5,760648
2026-10-01 20:30,336,2026-10-08,v2,16,4,895083
2026-10-01 20:30,336,2026-10-08,v2,17,1,953742
2026-10-01 20:30,336,2026-10-08,v2,18,2,676761
2026-10-01 20:30,336,2026-10-08,v2,19,5,352446
2026-10-01 20:30,336,2026-10-08,v2,20,3,343200
2026-10-08 20:30,337,2026-10-15,v2,1,4,504759
2026-10-08 20:30,337,2026-10-15,v2,2,2,798614
2026-10-08 20:30,337,2026-10-15,v2,3,1,516843
2026-10-08 20:30,337,2026-10-15,v2,4,5,342288
2026-10-08 20:30,337,2026-10-15,v2,5,3,887520
2026-10-08 20:30,337,2026-10-15,v2,6,1,658406
2026-10-08 20:30,337,2026-10-15,v2,7,5,829071
2026-10-08 20:30,337,2026-10-15,v2,8,2,253457
2026-10-08 20:30,337,2026-10-15,v2,9,4,226412
2026-10-08 20:30,337,2026-10-15,v2,10,3,144485
2026-10-08 20:30,337,2026-10-15,v2,11,2,084760
2026-10-08 20:30,337,2026-10-15,v2,12,5,394108
2026-10-08 20:30,337,2026-10-15,v2,13,1,075619
2026-10-08 20:30,337,2026-10-15,v2,14,4,668262
2026-10-08 20:30,337,2026-10-15,v2,15,3,379293
2026-10-08 20:30,337,2026-10-15,v2,16,5,651445
2026-10-08 20:30,337,2026-10-15,v2,17,3,558587
2026-10-08 20:30,337,2026-10-15,v2,18,2,016026
2026-10-08 20:30,337,2026-10-15,v2,19,1,889251
2026-10-08 20:30,337,2026-10-15,v2,20,4,723734
