number,popularity,rank
1,1.0042,18
2,1.0058,15
3,1.0172,4
4,1.013,7
5,1.0092,9
6,1.0063,13
7,1.0249,1
8,1.0063,13
9,1.0141,6
10,1.0104,8
11,1.0187,3
12,1.023,2
13,1.0045,17
14,0.9936,30
15,0.9899,37
16,0.9983,23
17,1.0149,5
18,1.008,10
19,1.0055,16
20,1.001,21
21,0.993,31
22,0.9884,39
23,0.9959,26
24,1.0031,20
25,1.0041,19
26,0.9959,26
27,1.0079,11
28,0.9919,34
29,0.9818,44
30,0.9884,39
31,0.9957,29
32,0.9928,32
33,1.0068,12
34,0.9968,25
35,0.9906,35
36,0.9811,45
37,0.9922,33
38,0.9959,26
39,0.9986,22
40,0.9973,24
41,0.9897,38
42,0.9902,36
43,0.9858,42
44,0.9871,41
45,0.9829,43
